{
  "organizations": "org:read",
  "organization": "org:read",
  "organizationStats": "org:read:stats",
  "organizationHierarchy": "org:read:hierarchy",
  "organizationSubtree": "org:read:hierarchy",
  "hierarchyStatistics": "org:read:hierarchy",
  "positions": "position:read",
  "position": "position:read",
  "positionTimeline": "position:read:history",
  "positionVersions": "position:read:history",
  "positionAssignments": "position:assignments:read",
  "positionAssignmentAudit": "position:assignments:audit",
  "assignments": "position:assignments:read",
  "assignmentHistory": "position:read:history",
  "assignmentStats": "position:read:stats",
  "vacantPositions": "position:read",
  "positionTransfers": "position:read:history",
  "positionHeadcountStats": "position:read:stats",
  "auditHistory": "org:read:audit",
  "auditLog": "org:read:audit",
  "organizationVersions": "org:read:history",
  "jobFamilyGroups": "job-catalog:read",
  "jobFamilies": "job-catalog:read",
  "jobRoles": "job-catalog:read",
  "jobLevels": "job-catalog:read"
}